編號,日期,時間,震央位置,緯度,經度,相對位置,震度,規模,深度
,2023-01-29,23:15,北緯 23.21 ° 東經 120.8 °, 23.21 , 120.8 ,高雄市政府東北方  81.9  公里 ,4級,3.2,4.7
,2023-01-27,06:40,北緯 23.27 ° 東經 121.24 °, 23.27 , 121.24 ,花蓮縣政府南南西方  89.2  公里 ,2級,3.5,16.8
,2023-01-24,22:37,北緯 23.07 ° 東經 121.28 °, 23.07 , 121.28 ,臺東縣政府北北東方  37.3  公里 ,3級,3.7,7.7
,2023-01-24,12:17,北緯 23.44 ° 東經 121.29 °, 23.44 , 121.29 ,花蓮縣政府南南西方  70.0  公里 ,2級,3.8,11.4
,2023-01-22,06:13,北緯 24.43 ° 東經 121.91 °, 24.43 , 121.91 ,宜蘭縣政府南南東方  36.5  公里 ,3級,3.6,13.4
,2023-01-21,14:05,北緯 24.38 ° 東經 120.86 °, 24.38 , 120.86 ,苗栗縣政府南方  20.9  公里 ,2級,3.6,5.4
,2023-01-21,14:04,北緯 23.26 ° 東經 121.24 °, 23.26 , 121.24 ,花蓮縣政府南南西方  89.5  公里 ,2級,3.6,16.8
,2023-01-21,08:05,北緯 23.78 ° 東經 121.77 °, 23.78 , 121.77 ,花蓮縣政府東南方  27.5  公里 ,2級,4.1,15.9
,2023-01-20,17:24,北緯 23.25 ° 東經 120.27 °, 23.25 , 120.27 ,臺南市政府北北東方  29.5  公里 ,2級,3.1,14.6
005   ,2023-01-20,10:56,北緯 24.05 ° 東經 121.52 °, 24.05 , 121.52 ,花蓮縣政府西北西方  12.3  公里 ,4級,4.4,19.7
,2023-01-20,02:43,北緯 24.07 ° 東經 121.78 °, 24.07 , 121.78 ,花蓮縣政府東北東方  18.3  公里 ,2級,4.1,32.5
,2023-01-19,10:09,北緯 23.1 ° 東經 121.16 °, 23.1 , 121.16 ,臺東縣政府北方  37.8  公里 ,2級,3.7,13.8
,2023-01-16,22:03,北緯 24.01 ° 東經 122.33 °, 24.01 , 122.33 ,花蓮縣政府東方  71.9  公里 ,1級,4.7,23.4
,2023-01-15,15:48,北緯 24.91 ° 東經 121.16 °, 24.91 , 121.16 ,桃園市政府西南西方  16.9  公里 ,2級,3.1,4.2
,2023-01-15,03:40,北緯 25.19 ° 東經 122.58 °, 25.19 , 122.58 ,基隆市政府東方  84.7  公里 ,2級,5.3,171.1
,2023-01-14,14:02,北緯 23.84 ° 東經 121.69 °, 23.84 , 121.69 ,花蓮縣政府南南東方  18.5  公里 ,3級,3.9,21.7
,2023-01-14,00:41,北緯 24.32 ° 東經 121.7 °, 24.32 , 121.7 ,花蓮縣政府北北東方  37.5  公里 ,2級,3.2,8.0
,2023-01-13,23:02,北緯 24.04 ° 東經 122.34 °, 24.04 , 122.34 ,花蓮縣政府東方  73.0  公里 ,2級,5.0,24.2
,2023-01-13,06:59,北緯 24.4 ° 東經 121.86 °, 24.4 , 121.86 ,宜蘭縣政府南南東方  38.3  公里 ,3級,3.6,8.7
004   ,2023-01-12,13:15,北緯 22.83 ° 東經 120.66 °, 22.83 , 120.66 ,屏東縣政府東北方  24.4  公里 ,3級,4.4,19.6
,2023-01-12,13:15,北緯 22.07 ° 東經 121.04 °, 22.07 , 121.04 ,臺東縣政府南方  77.1  公里 ,2級,4.1,25.2
,2023-01-11,22:50,北緯 23.15 ° 東經 120.71 °, 23.15 , 120.71 ,高雄市政府東北方  71.6  公里 ,3級,3.6,8.0
003   ,2023-01-11,12:42,北緯 23.22 ° 東經 121.46 °, 23.22 , 121.46 ,臺東縣政府東北方  61.2  公里 ,4級,4.8,29.2
,2023-01-11,03:22,北緯 23.15 ° 東經 121.31 °, 23.15 , 121.31 ,花蓮縣政府南南西方  98.6  公里 ,1級,4.0,33.9
,2023-01-10,22:53,北緯 24.21 ° 東經 121.74 °, 24.21 , 121.74 ,花蓮縣政府北北東方  27.2  公里 ,2級,3.3,13.5
002   ,2023-01-09,19:31,北緯 23.38 ° 東經 121.26 °, 23.38 , 121.26 ,花蓮縣政府南南西方  76.4  公里 ,4級,4.7,11.5
,2023-01-09,01:13,北緯 23.1 ° 東經 120.55 °, 23.1 , 120.55 ,臺南市政府東北東方  38.7  公里 ,3級,4.0,12.0
,2023-01-08,22:34,北緯 24.2 ° 東經 121.74 °, 24.2 , 121.74 ,花蓮縣政府北北東方  26.2  公里 ,1級,3.2,14.4
001   ,2023-01-07,19:21,北緯 23.56 ° 東經 121.33 °, 23.56 , 121.33 ,花蓮縣政府西南方  56.8  公里 ,4級,4.7,15.2
,2023-01-06,02:02,北緯 24.89 ° 東經 122.04 °, 24.89 , 122.04 ,宜蘭縣政府東北東方  32.9  公里 ,2級,4.2,13.5
,2023-01-06,01:11,北緯 24.89 ° 東經 122.04 °, 24.89 , 122.04 ,宜蘭縣政府東北東方  32.6  公里 ,2級,4.4,11.0
,2023-01-05,12:59,北緯 23.23 ° 東經 121.59 °, 23.23 , 121.59 ,臺東縣政府東北方  69.0  公里 ,2級,4.5,39.7
,2023-01-05,08:15,北緯 24.91 ° 東經 121.16 °, 24.91 , 121.16 ,桃園市政府西南西方  16.8  公里 ,2級,3.4,5.1
,2023-01-03,14:05,北緯 25.15 ° 東經 121.57 °, 25.15 , 121.57 ,臺北市政府北方  12.5  公里 ,2級,2.9,5.6
,2023-01-03,05:46,北緯 23.1 ° 東經 120.34 °, 23.1 , 120.34 ,臺南市政府東北方  20.0  公里 ,2級,3.7,17.3
,2023-01-03,05:46,北緯 23.1 ° 東經 120.33 °, 23.1 , 120.33 ,臺南市政府東北方  19.0  公里 ,3級,3.5,16.9
,2023-01-03,05:19,北緯 23.78 ° 東經 121.54 °, 23.78 , 121.54 ,花蓮縣政府南南西方  24.2  公里 ,3級,4.3,17.5
,2023-01-03,05:06,北緯 23.78 ° 東經 121.55 °, 23.78 , 121.55 ,花蓮縣政府南南西方  24.3  公里 ,2級,3.9,17.8
,2023-01-02,14:29,北緯 24.06 ° 東經 121.66 °, 24.06 , 121.66 ,花蓮縣政府北北東方  9.2  公里 ,2級,4.2,29.9
,2023-02-28,03:30,北緯 23.18 ° 東經 121.37 °, 23.18 , 121.37 ,臺東縣政府北北東方  52.6  公里 ,2級,4.1,18.7
,2023-02-26,14:22,北緯 24.33 ° 東經 121.61 °, 24.33 , 121.61 ,花蓮縣政府北方  37.3  公里 ,2級,3.4,25.1
,2023-02-26,00:03,北緯 22.46 ° 東經 121.31 °, 22.46 , 121.31 ,臺東縣政府南南東方  36.0  公里 ,2級,4.6,16.1
,2023-02-25,14:06,北緯 23.19 ° 東經 121.35 °, 23.19 , 121.35 ,臺東縣政府北北東方  52.2  公里 ,1級,3.2,17.0
,2023-02-23,07:55,北緯 24 ° 東經 121.73 °, 24 , 121.73 ,花蓮縣政府東方  11.0  公里 ,2級,3.5,3.6
014   ,2023-02-23,05:18,北緯 23.99 ° 東經 121.73 °, 23.99 , 121.73 ,花蓮縣政府東方  11.7  公里 ,3級,4.6,6.9
,2023-02-22,01:00,北緯 24.95 ° 東經 123.36 °, 24.95 , 123.36 ,宜蘭縣政府東方  163.2  公里 ,2級,5.4,140.5
013   ,2023-02-21,19:01,北緯 23.52 ° 東經 121.66 °, 23.52 , 121.66 ,花蓮縣政府南方  52.6  公里 ,3級,4.8,31.3
,2023-02-21,12:39,北緯 23.74 ° 東經 121.44 °, 23.74 , 121.44 ,花蓮縣政府西南方  32.7  公里 ,3級,3.9,12.2
,2023-02-21,12:29,北緯 24.41 ° 東經 121.93 °, 24.41 , 121.93 ,宜蘭縣政府南南東方  38.9  公里 ,2級,3.9,26.7
,2023-02-21,12:22,北緯 24.43 ° 東經 121.89 °, 24.43 , 121.89 ,宜蘭縣政府南南東方  36.1  公里 ,3級,4.2,26.0
,2023-02-21,07:39,北緯 23.74 ° 東經 121.44 °, 23.74 , 121.44 ,花蓮縣政府西南方  33.1  公里 ,3級,3.9,11.3
012   ,2023-02-19,07:32,北緯 24.67 ° 東經 121.63 °, 24.67 , 121.63 ,宜蘭縣政府西南西方  14.7  公里 ,3級,4.6,54.6
011   ,2023-02-18,23:49,北緯 23.71 ° 東經 120.77 °, 23.71 , 120.77 ,南投縣政府南南東方  22.8  公里 ,4級,5.1,21.4
,2023-02-18,16:34,北緯 22.2 ° 東經 120.87 °, 22.2 , 120.87 ,屏東縣政府東南方  66.2  公里 ,3級,3.5,7.1
,2023-02-18,10:48,北緯 24.08 ° 東經 121.51 °, 24.08 , 121.51 ,花蓮縣政府西北方  14.2  公里 ,3級,3.7,20.6
,2023-02-17,15:07,北緯 24.27 ° 東經 121.76 °, 24.27 , 121.76 ,花蓮縣政府北北東方  34.5  公里 ,2級,3.4,21.6
,2023-02-17,09:35,北緯 23.94 ° 東經 121.48 °, 23.94 , 121.48 ,花蓮縣政府西南西方  15.3  公里 ,3級,3.9,18.4
010   ,2023-02-17,09:22,北緯 23.94 ° 東經 121.47 °, 23.94 , 121.47 ,花蓮縣政府西南西方  16.2  公里 ,4級,4.6,18.0
,2023-02-17,09:08,北緯 25.16 ° 東經 121.56 °, 25.16 , 121.56 ,臺北市政府北方  13.7  公里 ,3級,3.3,4.7
,2023-02-16,08:30,北緯 22.89 ° 東經 120.57 °, 22.89 , 120.57 ,高雄市政府東北方  40.2  公里 ,3級,4.1,9.1
,2023-02-13,15:34,北緯 23.26 ° 東經 121.25 °, 23.26 , 121.25 ,花蓮縣政府南南西方  89.4  公里 ,3級,4.0,17.3
,2023-02-13,05:51,北緯 23.1 ° 東經 121.17 °, 23.1 , 121.17 ,臺東縣政府北方  38.2  公里 ,2級,4.0,14.5
,2023-02-12,04:40,北緯 24.27 ° 東經 121.76 °, 24.27 , 121.76 ,花蓮縣政府北北東方  34.3  公里 ,2級,3.5,21.3
009   ,2023-02-11,19:35,北緯 23.43 ° 東經 121.53 °, 23.43 , 121.53 ,花蓮縣政府南方  62.6  公里 ,4級,5.2,34.2
,2023-02-11,05:18,北緯 24.75 ° 東經 121.37 °, 24.75 , 121.37 ,桃園市政府南南東方  28.2  公里 ,2級,3.9,6.4
,2023-02-10,23:12,北緯 22.12 ° 東經 121.39 °, 22.12 , 121.39 ,臺東縣政府南南東方  74.1  公里 ,3級,3.9,24.1
,2023-02-10,08:07,北緯 24.59 ° 東經 121.93 °, 24.59 , 121.93 ,宜蘭縣政府東南方  23.3  公里 ,3級,3.7,13.6
,2023-02-10,02:59,北緯 23.96 ° 東經 121.49 °, 23.96 , 121.49 ,花蓮縣政府西南西方  13.7  公里 ,2級,3.1,17.3
,2023-02-10,01:52,北緯 23.3 ° 東經 121.43 °, 23.3 , 121.43 ,臺東縣政府北北東方  66.8  公里 ,3級,3.8,27.0
008   ,2023-02-08,18:49,北緯 23.44 ° 東經 121.55 °, 23.44 , 121.55 ,花蓮縣政府南方  61.0  公里 ,4級,5.6,36.7
,2023-02-08,12:18,北緯 23.81 ° 東經 121.99 °, 23.81 , 121.99 ,花蓮縣政府東南東方  42.5  公里 ,2級,4.3,39.4
007   ,2023-02-08,05:48,北緯 24.75 ° 東經 121.83 °, 24.75 , 121.83 ,宜蘭縣政府東北東方  7.0  公里 ,2級,4.5,79.1
,2023-02-07,06:12,北緯 24.27 ° 東經 121.76 °, 24.27 , 121.76 ,花蓮縣政府北北東方  34.2  公里 ,3級,4.1,21.8
,2023-02-07,04:26,北緯 24.27 ° 東經 121.75 °, 24.27 , 121.75 ,花蓮縣政府北北東方  33.5  公里 ,2級,3.3,21.0
006   ,2023-02-07,04:20,北緯 24.27 ° 東經 121.76 °, 24.27 , 121.76 ,花蓮縣政府北北東方  34.3  公里 ,4級,5.1,22.1
,2023-02-06,14:37,北緯 23.44 ° 東經 121.29 °, 23.44 , 121.29 ,花蓮縣政府南南西方  69.4  公里 ,2級,3.6,11.7
,2023-02-04,03:06,北緯 23.51 ° 東經 120.72 °, 23.51 , 120.72 ,嘉義縣政府東方  43.8  公里 ,2級,3.4,7.8
,2023-02-03,22:48,北緯 24.61 ° 東經 121.64 °, 24.61 , 121.64 ,宜蘭縣政府西南方  18.2  公里 ,1級,3.8,48.1
,2023-02-02,13:54,北緯 23.1 ° 東經 120.55 °, 23.1 , 120.55 ,臺南市政府東北東方  38.9  公里 ,3級,3.7,12.6
,2023-02-01,16:03,北緯 24.25 ° 東經 121.78 °, 24.25 , 121.78 ,花蓮縣政府北北東方  32.8  公里 ,2級,3.4,14.6
,2023-03-31,20:36,北緯 23.17 ° 東經 120.7 °, 23.17 , 120.7 ,高雄市政府東北方  72.7  公里 ,3級,3.6,9.1
,2023-03-31,04:15,北緯 21.88 ° 東經 121.59 °, 21.88 , 121.59 ,臺東縣政府南南東方  106.6  公里 ,3級,4.2,20.2
,2023-03-31,03:30,北緯 22.93 ° 東經 121.28 °, 22.93 , 121.28 ,臺東縣政府東北方  23.5  公里 ,3級,3.7,8.6
,2023-03-30,14:44,北緯 23.47 ° 東經 121.3 °, 23.47 , 121.3 ,花蓮縣政府南南西方  66.5  公里 ,3級,3.8,12.8
,2023-03-30,14:26,北緯 23.79 ° 東經 121.41 °, 23.79 , 121.41 ,花蓮縣政府西南方  31.0  公里 ,1級,4.0,58.2
,2023-03-30,11:46,北緯 24.51 ° 東經 122.67 °, 24.51 , 122.67 ,宜蘭縣政府東南東方  95.4  公里 ,1級,4.6,86.5
,2023-03-26,12:43,北緯 21.5 ° 東經 121.29 °, 21.5 , 121.29 ,臺東縣政府南方  139.9  公里 ,3級,4.9,41.7
,2023-03-25,09:05,北緯 24.62 ° 東經 121.59 °, 24.62 , 121.59 ,宜蘭縣政府西南西方  21.1  公里 ,1級,4.1,60.5
,2023-03-25,04:24,北緯 23.88 ° 東經 121.44 °, 23.88 , 121.44 ,花蓮縣政府西南西方  21.6  公里 ,2級,3.2,19.4
,2023-03-25,01:22,北緯 23.63 ° 東經 121.29 °, 23.63 , 121.29 ,花蓮縣政府西南方  52.2  公里 ,3級,3.9,7.2
024   ,2023-03-24,18:04,北緯 23.65 ° 東經 121.32 °, 23.65 , 121.32 ,花蓮縣政府西南方  48.9  公里 ,3級,4.3,6.7
,2023-03-23,11:13,北緯 23.76 ° 東經 121.58 °, 23.76 , 121.58 ,花蓮縣政府南方  25.4  公里 ,4級,3.7,6.7
023   ,2023-03-23,05:51,北緯 23.66 ° 東經 121.3 °, 23.66 , 121.3 ,花蓮縣政府西南方  49.4  公里 ,3級,4.7,7.8
022   ,2023-03-22,23:43,北緯 23.65 ° 東經 121.31 °, 23.65 , 121.31 ,花蓮縣政府西南方  49.2  公里 ,3級,4.7,6.5
,2023-03-22,06:15,北緯 22.91 ° 東經 121.08 °, 22.91 , 121.08 ,臺東縣政府北北西方  19.0  公里 ,3級,3.9,12.3
,2023-03-21,09:59,北緯 23.64 ° 東經 121.29 °, 23.64 , 121.29 ,花蓮縣政府西南方  50.9  公里 ,3級,3.9,7.6
,2023-03-21,09:54,北緯 23.63 ° 東經 121.31 °, 23.63 , 121.31 ,花蓮縣政府西南方  51.1  公里 ,3級,4.0,3.3
021   ,2023-03-21,09:46,北緯 23.64 ° 東經 121.29 °, 23.64 , 121.29 ,花蓮縣政府西南方  50.8  公里 ,4級,4.9,7.1
020   ,2023-03-21,09:45,北緯 23.64 ° 東經 121.31 °, 23.64 , 121.31 ,花蓮縣政府西南方  50.2  公里 ,4級,5.4,8.5
,2023-03-20,12:30,北緯 24.41 ° 東經 121.79 °, 24.41 , 121.79 ,宜蘭縣政府南方  35.9  公里 ,3級,3.1,7.6
019   ,2023-03-19,13:12,北緯 22.82 ° 東經 121.05 °, 22.82 , 121.05 ,臺東縣政府西北西方  12.8  公里 ,3級,4.2,10.6
018   ,2023-03-16,12:28,北緯 23.27 ° 東經 121.24 °, 23.27 , 121.24 ,花蓮縣政府南南西方  88.1  公里 ,4級,4.2,18.0
,2023-03-16,02:35,北緯 24.53 ° 東經 121.82 °, 24.53 , 121.82 ,宜蘭縣政府南南東方  23.1  公里 ,3級,3.3,10.1
,2023-03-15,17:31,北緯 24.46 ° 東經 120.86 °, 24.46 , 120.86 ,苗栗縣政府南南東方  12.1  公里 ,2級,3.0,7.3
,2023-03-13,21:58,北緯 23.47 ° 東經 121.88 °, 23.47 , 121.88 ,花蓮縣政府南南東方  63.4  公里 ,2級,4.0,29.6
,2023-03-13,21:04,北緯 23.95 ° 東經 121.48 °, 23.95 , 121.48 ,花蓮縣政府西南西方  15.3  公里 ,3級,4.0,18.8
,2023-03-13,19:05,北緯 24.5 ° 東經 121.93 °, 24.5 , 121.93 ,宜蘭縣政府東南方  30.7  公里 ,2級,3.4,13.7
,2023-03-13,14:38,北緯 23.14 ° 東經 120.65 °, 23.14 , 120.65 ,高雄市政府北北東方  66.6  公里 ,2級,3.5,9.3
,2023-03-13,09:41,北緯 23.09 ° 東經 121.16 °, 23.09 , 121.16 ,臺東縣政府北方  37.5  公里 ,2級,3.7,13.6
,2023-03-13,08:11,北緯 24.81 ° 東經 121.99 °, 24.81 , 121.99 ,宜蘭縣政府東北東方  24.1  公里 ,3級,4.3,6.3
,2023-03-13,05:19,北緯 24.81 ° 東經 121.99 °, 24.81 , 121.99 ,宜蘭縣政府東北東方  24.2  公里 ,2級,3.7,6.2
,2023-03-11,21:17,北緯 23.65 ° 東經 121.57 °, 23.65 , 121.57 ,花蓮縣政府南方  38.2  公里 ,2級,4.4,31.3
,2023-03-11,09:16,北緯 23.78 ° 東經 121.46 °, 23.78 , 121.46 ,花蓮縣政府西南方  28.3  公里 ,3級,3.7,10.6
,2023-03-11,04:21,北緯 24.07 ° 東經 120.97 °, 24.07 , 120.97 ,南投縣政府東北東方  34.4  公里 ,2級,3.4,24.3
,2023-03-10,03:45,北緯 23.46 ° 東經 121.55 °, 23.46 , 121.55 ,花蓮縣政府南方  59.3  公里 ,2級,4.2,34.7
,2023-03-09,17:38,北緯 23.74 ° 東經 121.71 °, 23.74 , 121.71 ,花蓮縣政府南南東方  29.1  公里 ,2級,4.1,46.6
017   ,2023-03-06,22:34,北緯 24.53 ° 東經 121.84 °, 24.53 , 121.84 ,宜蘭縣政府南南東方  23.3  公里 ,3級,4.1,10.5
,2023-03-06,21:27,北緯 24 ° 東經 121.75 °, 24 , 121.75 ,花蓮縣政府東方  13.4  公里 ,2級,3.8,7.8
,2023-03-06,21:10,北緯 23.79 ° 東經 121.57 °, 23.79 , 121.57 ,花蓮縣政府南南西方  22.8  公里 ,1級,3.4,24.9
,2023-03-06,12:20,北緯 23.68 ° 東經 121.69 °, 23.68 , 121.69 ,花蓮縣政府南南東方  35.1  公里 ,2級,4.2,49.6
,2023-03-06,08:31,北緯 24.18 ° 東經 121.87 °, 24.18 , 121.87 ,花蓮縣政府東北方  32.6  公里 ,2級,3.9,24.4
,2023-03-05,15:19,北緯 24.53 ° 東經 121.84 °, 24.53 , 121.84 ,宜蘭縣政府南南東方  23.4  公里 ,3級,3.6,9.0
,2023-03-04,01:57,北緯 24.05 ° 東經 122.15 °, 24.05 , 122.15 ,花蓮縣政府東方  54.7  公里 ,2級,4.8,18.6
,2023-03-03,22:48,北緯 24.86 ° 東經 121.91 °, 24.86 , 121.91 ,宜蘭縣政府東北方  20.2  公里 ,2級,5.0,108.7
016   ,2023-03-03,00:48,北緯 24.53 ° 東經 121.83 °, 24.53 , 121.83 ,宜蘭縣政府南南東方  23.5  公里 ,4級,4.9,11.3
015   ,2023-03-02,19:25,北緯 24.53 ° 東經 121.83 °, 24.53 , 121.83 ,宜蘭縣政府南南東方  23.3  公里 ,4級,4.2,10.5
,2023-03-02,18:40,北緯 23.49 ° 東經 121.32 °, 23.49 , 121.32 ,花蓮縣政府南南西方  63.5  公里 ,3級,3.5,8.9
,2023-03-02,15:01,北緯 23.07 ° 東經 121.35 °, 23.07 , 121.35 ,臺東縣政府北北東方  40.2  公里 ,2級,4.1,19.5
,2023-04-30,15:52,北緯 23.1 ° 東經 121.16 °, 23.1 , 121.16 ,臺東縣政府北方  38.0  公里 ,2級,3.5,13.6
,2023-04-30,05:44,北緯 23.94 ° 東經 121.46 °, 23.94 , 121.46 ,花蓮縣政府西南西方  17.2  公里 ,2級,3.1,19.1
,2023-04-27,16:15,北緯 23.47 ° 東經 121.53 °, 23.47 , 121.53 ,花蓮縣政府南方  58.9  公里 ,3級,4.3,36.6
,2023-04-26,21:46,北緯 23.32 ° 東經 121.44 °, 23.32 , 121.44 ,臺東縣政府北北東方  69.1  公里 ,2級,3.7,25.9
,2023-04-26,17:03,北緯 23.22 ° 東經 120.43 °, 23.22 , 120.43 ,臺南市政府東北方  36.0  公里 ,2級,3.6,16.8
,2023-04-26,10:40,北緯 24.48 ° 東經 121.89 °, 24.48 , 121.89 ,宜蘭縣政府南南東方  30.3  公里 ,2級,3.3,15.1
,2023-04-26,03:10,北緯 24.82 ° 東經 122.23 °, 24.82 , 122.23 ,宜蘭縣政府東方  48.4  公里 ,1級,4.5,109.7
,2023-04-25,02:31,北緯 24.27 ° 東經 121.89 °, 24.27 , 121.89 ,花蓮縣政府東北方  41.4  公里 ,2級,4.3,27.4
,2023-04-24,21:37,北緯 22.79 ° 東經 121.15 °, 22.79 , 121.15 ,臺東縣政府北方  4.4  公里 ,2級,3.2,6.5
034   ,2023-04-24,21:35,北緯 22.8 ° 東經 121.15 °, 22.8 , 121.15 ,臺東縣政府北方  5.0  公里 ,4級,4.4,5.8
,2023-04-24,21:14,北緯 22.79 ° 東經 121.15 °, 22.79 , 121.15 ,臺東縣政府北方  4.2  公里 ,3級,3.5,6.2
,2023-04-24,15:26,北緯 24.7 ° 東經 121.74 °, 24.7 , 121.74 ,宜蘭縣政府西南方  4.1  公里 ,3級,3.7,9.2
,2023-04-24,15:12,北緯 22.78 ° 東經 121.29 °, 22.78 , 121.29 ,臺東縣政府東方  15.0  公里 ,2級,3.8,19.4
,2023-04-23,15:45,北緯 22.8 ° 東經 121.17 °, 22.8 , 121.17 ,臺東縣政府北北東方  4.9  公里 ,2級,3.3,5.9
,2023-04-23,06:17,北緯 23.32 ° 東經 120.41 °, 23.32 , 120.41 ,臺南市政府東北方  42.9  公里 ,3級,3.3,12.4
,2023-04-22,23:30,北緯 24.39 ° 東經 121.74 °, 24.39 , 121.74 ,宜蘭縣政府南方  38.2  公里 ,4級,3.1,6.0
,2023-04-22,22:10,北緯 24.34 ° 東經 121.77 °, 24.34 , 121.77 ,宜蘭縣政府南方  43.5  公里 ,2級,3.1,7.2
,2023-04-22,16:03,北緯 24.38 ° 東經 121.73 °, 24.38 , 121.73 ,宜蘭縣政府南方  38.8  公里 ,3級,4.0,5.9
,2023-04-22,08:20,北緯 23.26 ° 東經 120.97 °, 23.26 , 120.97 ,臺東縣政府北北西方  58.9  公里 ,3級,3.8,5.3
,2023-04-21,19:44,北緯 23.5 ° 東經 121.51 °, 23.5 , 121.51 ,花蓮縣政府南南西方  55.9  公里 ,3級,4.6,29.0
,2023-04-20,05:41,北緯 23.74 ° 東經 121.47 °, 23.74 , 121.47 ,花蓮縣政府南南西方  31.7  公里 ,3級,3.8,8.0
,2023-04-19,15:49,北緯 23.39 ° 東經 121.3 °, 23.39 , 121.3 ,花蓮縣政府南南西方  74.1  公里 ,2級,3.9,9.7
,2023-04-19,14:11,北緯 23.06 ° 東經 121.14 °, 23.06 , 121.14 ,臺東縣政府北方  34.1  公里 ,2級,3.3,3.4
,2023-04-19,02:53,北緯 24.16 ° 東經 121.31 °, 24.16 , 121.31 ,花蓮縣政府西北西方  37.1  公里 ,3級,3.7,7.2
,2023-04-18,03:33,北緯 24.36 ° 東經 121.9 °, 24.36 , 121.9 ,宜蘭縣政府南南東方  43.9  公里 ,3級,4.7,42.0
,2023-04-18,02:21,北緯 24.08 ° 東經 120.92 °, 24.08 , 120.92 ,南投縣政府東北方  30.6  公里 ,2級,3.5,23.6
033   ,2023-04-17,16:49,北緯 24.37 ° 東經 121.67 °, 24.37 , 121.67 ,宜蘭縣政府南南西方  41.3  公里 ,4級,4.7,23.0
,2023-04-17,03:17,北緯 22.75 ° 東經 120.91 °, 22.75 , 120.91 ,臺東縣政府西方  24.3  公里 ,2級,4.2,7.8
,2023-04-16,18:44,北緯 22.91 ° 東經 121.08 °, 22.91 , 121.08 ,臺東縣政府北北西方  18.8  公里 ,3級,3.7,12.0
032   ,2023-04-16,11:26,北緯 23.74 ° 東經 121.4 °, 23.74 , 121.4 ,花蓮縣政府西南方  35.7  公里 ,4級,4.3,20.0
,2023-04-14,23:38,北緯 22.52 ° 東經 120.94 °, 22.52 , 120.94 ,臺東縣政府西南方  34.0  公里 ,3級,3.7,11.9
,2023-04-14,11:54,北緯 22.8 ° 東經 121.14 °, 22.8 , 121.14 ,臺東縣政府北方  5.1  公里 ,3級,3.4,5.7
031   ,2023-04-14,11:54,北緯 22.79 ° 東經 121.16 °, 22.79 , 121.16 ,臺東縣政府北北東方  4.1  公里 ,4級,4.2,6.3
,2023-04-12,20:09,北緯 24.18 ° 東經 121.73 °, 24.18 , 121.73 ,花蓮縣政府北北東方  24.0  公里 ,2級,3.2,10.5
,2023-04-10,03:11,北緯 24.85 ° 東經 121.39 °, 24.85 , 121.39 ,新北市政府南南西方  19.0  公里 ,2級,3.5,9.1
,2023-04-10,02:45,北緯 24.32 ° 東經 122.93 °, 24.32 , 122.93 ,宜蘭縣政府東南東方  126.7  公里 ,2級,5.2,43.5
,2023-04-10,02:26,北緯 23.03 ° 東經 121.19 °, 23.03 , 121.19 ,臺東縣政府北方  30.7  公里 ,2級,3.7,10.1
,2023-04-10,01:35,北緯 23.74 ° 東經 121.4 °, 23.74 , 121.4 ,花蓮縣政府西南方  35.1  公里 ,2級,4.0,19.7
030   ,2023-04-09,13:19,北緯 24.64 ° 東經 121.54 °, 24.64 , 121.54 ,宜蘭縣政府西南西方  25.4  公里 ,2級,4.6,62.6
029   ,2023-04-08,20:14,北緯 23.44 ° 東經 121.44 °, 23.44 , 121.44 ,臺東縣政府北北東方  81.3  公里 ,3級,4.7,31.7
,2023-04-08,19:22,北緯 24.3 ° 東經 121.81 °, 24.3 , 121.81 ,花蓮縣政府北北東方  39.2  公里 ,3級,4.1,12.7
,2023-04-08,16:36,北緯 23.27 ° 東經 120.97 °, 23.27 , 120.97 ,臺東縣政府北北西方  59.9  公里 ,4級,4.0,5.1
,2023-04-08,14:36,北緯 24.18 ° 東經 121.72 °, 24.18 , 121.72 ,花蓮縣政府北北東方  23.6  公里 ,3級,3.6,10.7
,2023-04-08,08:56,北緯 23.21 ° 東經 121.35 °, 23.21 , 121.35 ,臺東縣政府北北東方  54.0  公里 ,3級,3.9,17.7
,2023-04-07,23:22,北緯 24.11 ° 東經 121.54 °, 24.11 , 121.54 ,花蓮縣政府北北西方  15.1  公里 ,1級,3.9,59.5
028   ,2023-04-07,18:36,北緯 23.2 ° 東經 121.36 °, 23.2 , 121.36 ,臺東縣政府北北東方  53.3  公里 ,3級,4.7,17.1
027   ,2023-04-06,02:09,北緯 23.3 ° 東經 121.44 °, 23.3 , 121.44 ,臺東縣政府北北東方  66.7  公里 ,4級,4.4,25.9
,2023-04-05,21:32,北緯 24.18 ° 東經 121.73 °, 24.18 , 121.73 ,花蓮縣政府北北東方  23.8  公里 ,3級,3.4,10.9
026   ,2023-04-05,00:34,北緯 23.93 ° 東經 121.46 °, 23.93 , 121.46 ,花蓮縣政府西南西方  17.4  公里 ,4級,4.2,19.9
,2023-04-04,06:36,北緯 23.13 ° 東經 120.8 °, 23.13 , 120.8 ,高雄市政府東北方  75.5  公里 ,3級,3.7,5.0
,2023-04-04,05:59,北緯 24.4 ° 東經 121.7 °, 24.4 , 121.7 ,宜蘭縣政府南方  37.1  公里 ,2級,3.9,62.9
025   ,2023-04-01,04:02,北緯 24.43 ° 東經 120.96 °, 24.43 , 120.96 ,苗栗縣政府東南方  20.1  公里 ,3級,4.4,1.8
,2023-04-01,04:00,北緯 22.87 ° 東經 120.64 °, 22.87 , 120.64 ,屏東縣政府東北方  26.5  公里 ,3級,4.3,16.6
,2023-05-31,18:48,北緯 22.35 ° 東經 121.14 °, 22.35 , 121.14 ,臺東縣政府南方  44.5  公里 ,2級,4.4,32.2
,2023-05-30,14:36,北緯 23 ° 東經 121.25 °, 23 , 121.25 ,臺東縣政府北北東方  28.6  公里 ,2級,3.9,29.5
,2023-05-30,03:06,北緯 23.45 ° 東經 121.5 °, 23.45 , 121.5 ,花蓮縣政府南南西方  61.6  公里 ,1級,4.2,28.3
,2023-05-30,00:27,北緯 24.07 ° 東經 121.66 °, 24.07 , 121.66 ,花蓮縣政府北北東方  9.6  公里 ,3級,4.0,27.8
,2023-05-29,04:38,北緯 24.67 ° 東經 122.12 °, 24.67 , 122.12 ,宜蘭縣政府東方  37.0  公里 ,3級,4.0,6.0
,2023-05-27,20:22,北緯 24.44 ° 東經 121.4 °, 24.44 , 121.4 ,宜蘭縣政府西南方  48.9  公里 ,3級,3.3,6.0
,2023-05-27,19:06,北緯 24.74 ° 東經 121.06 °, 24.74 , 121.06 ,新竹縣政府南南東方  10.1  公里 ,2級,2.3,9.1
,2023-05-27,08:20,北緯 24.43 ° 東經 121.4 °, 24.43 , 121.4 ,宜蘭縣政府西南方  49.4  公里 ,4級,3.9,6.1
,2023-05-27,03:56,北緯 23.9 ° 東經 121.68 °, 23.9 , 121.68 ,花蓮縣政府南南東方  11.4  公里 ,2級,4.1,25.7
,2023-05-22,04:25,北緯 24.38 ° 東經 121.74 °, 24.38 , 121.74 ,宜蘭縣政府南方  39.3  公里 ,3級,3.4,6.2
,2023-05-21,15:13,北緯 23.64 ° 東經 121.27 °, 23.64 , 121.27 ,花蓮縣政府西南方  52.8  公里 ,2級,3.9,3.8
,2023-05-16,06:28,北緯 21.92 ° 東經 121.52 °, 21.92 , 121.52 ,臺東縣政府南南東方  99.9  公里 ,3級,3.8,22.3
,2023-05-16,02:34,北緯 24.06 ° 東經 121.52 °, 24.06 , 121.52 ,花蓮縣政府西北方  12.1  公里 ,3級,4.0,17.9
,2023-05-14,07:19,北緯 23.39 ° 東經 120.29 °, 23.39 , 120.29 ,嘉義縣政府南方  7.3  公里 ,3級,3.4,7.0
036   ,2023-05-13,01:30,北緯 23.21 ° 東經 121.47 °, 23.21 , 121.47 ,臺東縣政府東北方  60.5  公里 ,4級,4.7,30.3
,2023-05-12,05:25,北緯 21.73 ° 東經 121.01 °, 21.73 , 121.01 ,臺東縣政府南方  114.5  公里 ,2級,4.6,31.9
,2023-05-11,06:07,北緯 23.11 ° 東經 120.81 °, 23.11 , 120.81 ,高雄市政府東北方  74.2  公里 ,3級,3.8,5.4
,2023-05-08,17:23,北緯 24.67 ° 東經 122.67 °, 24.67 , 122.67 ,宜蘭縣政府東方  91.7  公里 ,2級,5.4,114.8
,2023-05-08,10:02,北緯 23.41 ° 東經 121.38 °, 23.41 , 121.38 ,花蓮縣政府南南西方  69.1  公里 ,2級,4.3,30.8
,2023-05-07,23:54,北緯 24.83 ° 東經 121.94 °, 24.83 , 121.94 ,宜蘭縣政府東北東方  20.6  公里 ,2級,3.7,9.4
,2023-05-07,10:37,北緯 24.23 ° 東經 121.26 °, 24.23 , 121.26 ,南投縣政府東北東方  68.5  公里 ,2級,3.3,9.2
035   ,2023-05-04,23:38,北緯 23.45 ° 東經 121.3 °, 23.45 , 121.3 ,花蓮縣政府南南西方  68.3  公里 ,4級,5.1,14.1
,2023-05-04,16:55,北緯 23.74 ° 東經 121.73 °, 23.74 , 121.73 ,花蓮縣政府南南東方  30.3  公里 ,2級,4.1,14.7
,2023-05-04,16:15,北緯 22.76 ° 東經 120.92 °, 22.76 , 120.92 ,臺東縣政府西方  24.1  公里 ,3級,4.0,7.8
,2023-05-01,10:12,北緯 23.91 ° 東經 121.45 °, 23.91 , 121.45 ,花蓮縣政府西南西方  19.7  公里 ,4級,3.9,20.1
,2023-06-29,22:40,北緯 24.72 ° 東經 122.49 °, 24.72 , 122.49 ,宜蘭縣政府東方  73.6  公里 ,1級,5.1,98.3
,2023-06-29,01:00,北緯 23.26 ° 東經 121.24 °, 23.26 , 121.24 ,花蓮縣政府南南西方  89.1  公里 ,2級,3.7,16.6
,2023-06-29,00:03,北緯 22.68 ° 東經 120.61 °, 22.68 , 120.61 ,屏東縣政府東方  13.0  公里 ,2級,3.6,19.8
,2023-06-28,17:25,北緯 22.83 ° 東經 120.67 °, 22.83 , 120.67 ,屏東縣政府東北方  24.6  公里 ,3級,4.0,19.8
,2023-06-27,09:16,北緯 23.41 ° 東經 121.28 °, 23.41 , 121.28 ,花蓮縣政府南南西方  73.4  公里 ,2級,3.7,10.1
,2023-06-23,04:13,北緯 23.74 ° 東經 122 °, 23.74 , 122 ,花蓮縣政府東南東方  48.1  公里 ,1級,4.3,29.5
043   ,2023-06-23,02:45,北緯 24.55 ° 東經 121.67 °, 24.55 , 121.67 ,宜蘭縣政府南南西方  21.7  公里 ,2級,4.8,59.3
,2023-06-23,00:27,北緯 23.98 ° 東經 121 °, 23.98 , 121 ,南投縣政府東北東方  32.7  公里 ,2級,3.9,15.7
042   ,2023-06-22,14:04,北緯 23.9 ° 東經 121.72 °, 23.9 , 121.72 ,花蓮縣政府東南方  14.1  公里 ,3級,4.5,22.1
,2023-06-21,18:55,北緯 24.29 ° 東經 121.78 °, 24.29 , 121.78 ,花蓮縣政府北北東方  36.9  公里 ,2級,4.1,60.5
,2023-06-20,11:38,北緯 24.34 ° 東經 121.63 °, 24.34 , 121.63 ,花蓮縣政府北方  39.1  公里 ,2級,3.2,23.8
,2023-06-19,20:39,北緯 23.93 ° 東經 121.47 °, 23.93 , 121.47 ,花蓮縣政府西南西方  17.2  公里 ,2級,3.3,18.2
,2023-06-17,14:09,北緯 23.26 ° 東經 121.24 °, 23.26 , 121.24 ,花蓮縣政府南南西方  89.3  公里 ,2級,4.2,17.7
041   ,2023-06-17,09:47,北緯 23.26 ° 東經 121.24 °, 23.26 , 121.24 ,花蓮縣政府南南西方  89.3  公里 ,3級,4.4,17.0
,2023-06-16,22:23,北緯 24.26 ° 東經 120.88 °, 24.26 , 120.88 ,臺中市政府東北東方  24.5  公里 ,2級,3.7,28.5
,2023-06-15,11:09,北緯 23.14 ° 東經 121.18 °, 23.14 , 121.18 ,臺東縣政府北方  42.4  公里 ,2級,3.6,14.0
,2023-06-15,07:58,北緯 23.56 ° 東經 121.55 °, 23.56 , 121.55 ,花蓮縣政府南方  47.8  公里 ,3級,4.8,29.8
,2023-06-14,07:56,北緯 24.92 ° 東經 122.44 °, 24.92 , 122.44 ,宜蘭縣政府東北東方  71.8  公里 ,2級,4.6,17.3
,2023-06-13,14:04,北緯 22.97 ° 東經 121.37 °, 22.97 , 121.37 ,臺東縣政府東北方  32.2  公里 ,3級,3.9,19.8
040   ,2023-06-11,20:25,北緯 24.21 ° 東經 122.49 °, 24.21 , 122.49 ,花蓮縣政府東北東方  92.0  公里 ,2級,5.5,46.8
,2023-06-11,01:55,北緯 23.21 ° 東經 121.41 °, 23.21 , 121.41 ,臺東縣政府北北東方  56.8  公里 ,2級,3.7,23.4
,2023-06-10,23:51,北緯 22.85 ° 東經 120.66 °, 22.85 , 120.66 ,屏東縣政府東北方  26.0  公里 ,2級,3.7,17.7
039   ,2023-06-10,17:12,北緯 22.87 ° 東經 120.64 °, 22.87 , 120.64 ,屏東縣政府東北方  26.3  公里 ,4級,5.0,16.0
,2023-06-10,16:55,北緯 22.87 ° 東經 120.64 °, 22.87 , 120.64 ,屏東縣政府東北方  26.0  公里 ,3級,3.9,17.0
,2023-06-10,16:55,北緯 22.87 ° 東經 120.65 °, 22.87 , 120.65 ,屏東縣政府東北方  25.9  公里 ,2級,3.4,16.6
,2023-06-10,16:36,北緯 23.81 ° 東經 121.58 °, 23.81 , 121.58 ,花蓮縣政府南南西方  20.2  公里 ,2級,4.3,27.0
038   ,2023-06-10,13:31,北緯 22.86 ° 東經 120.66 °, 22.86 , 120.66 ,屏東縣政府東北方  25.7  公里 ,4級,5.4,18.3
,2023-06-10,13:26,北緯 22.86 ° 東經 120.67 °, 22.86 , 120.67 ,屏東縣政府東北方  26.9  公里 ,3級,4.3,17.1
,2023-06-10,08:28,北緯 22.87 ° 東經 120.66 °, 22.87 , 120.66 ,高雄市政府東北方  44.8  公里 ,3級,3.8,16.8
037   ,2023-06-10,03:51,北緯 22.87 ° 東經 120.67 °, 22.87 , 120.67 ,高雄市政府東北方  45.5  公里 ,3級,4.3,17.1
,2023-06-09,23:19,北緯 22.87 ° 東經 120.66 °, 22.87 , 120.66 ,高雄市政府東北方  45.3  公里 ,3級,3.6,16.8
,2023-06-09,21:58,北緯 22.87 ° 東經 120.66 °, 22.87 , 120.66 ,高雄市政府東北方  45.2  公里 ,2級,4.1,17.2
,2023-06-02,17:48,北緯 24.31 ° 東經 122.1 °, 24.31 , 122.1 ,宜蘭縣政府東南方  57.7  公里 ,2級,4.7,34.4
,2023-06-01,23:39,北緯 24.67 ° 東經 122.12 °, 24.67 , 122.12 ,宜蘭縣政府東方  36.9  公里 ,2級,3.9,5.6
,2023-06-01,21:20,北緯 24.43 ° 東經 121.4 °, 24.43 , 121.4 ,宜蘭縣政府西南方  49.1  公里 ,4級,3.7,5.8
,2023-06-01,03:43,北緯 23.71 ° 東經 122.04 °, 23.71 , 122.04 ,花蓮縣政府東南方  53.1  公里 ,2級,4.3,39.8
,2023-07-31,00:44,北緯 25.34 ° 東經 121.97 °, 25.34 , 121.97 ,基隆市政府東北方  32.4  公里 ,2級,4.2,12.9
,2023-07-28,21:17,北緯 24.72 ° 東經 121.89 °, 24.72 , 121.89 ,宜蘭縣政府東方  12.8  公里 ,3級,4.6,77.7
,2023-07-28,00:23,北緯 24.38 ° 東經 121.67 °, 24.38 , 121.67 ,宜蘭縣政府南南西方  40.3  公里 ,3級,3.5,23.7
,2023-07-27,10:42,北緯 22.61 ° 東經 121.35 °, 22.61 , 121.35 ,臺東縣政府東南方  25.6  公里 ,2級,4.1,25.1
,2023-07-26,04:01,北緯 23.9 ° 東經 121.45 °, 23.9 , 121.45 ,花蓮縣政府西南西方  19.6  公里 ,2級,3.5,21.1
,2023-07-25,05:23,北緯 23.08 ° 東經 121.27 °, 23.08 , 121.27 ,臺東縣政府北北東方  37.4  公里 ,3級,3.2,5.0
,2023-07-23,18:01,北緯 22.2 ° 東經 121.04 °, 22.2 , 121.04 ,臺東縣政府南方  62.5  公里 ,2級,3.8,9.5
,2023-07-23,00:40,北緯 24.04 ° 東經 121.62 °, 24.04 , 121.62 ,花蓮縣政府北方  5.2  公里 ,2級,3.4,8.6
,2023-07-23,00:40,北緯 24.04 ° 東經 121.64 °, 24.04 , 121.64 ,花蓮縣政府北北東方  5.8  公里 ,2級,3.2,8.0
,2023-07-22,21:35,北緯 24.04 ° 東經 121.64 °, 24.04 , 121.64 ,花蓮縣政府北北東方  5.7  公里 ,3級,3.8,7.5
,2023-07-22,21:28,北緯 23.93 ° 東經 121.58 °, 23.93 , 121.58 ,花蓮縣政府西南方  7.8  公里 ,3級,3.4,7.3
,2023-07-22,21:22,北緯 24.04 ° 東經 121.62 °, 24.04 , 121.62 ,花蓮縣政府北方  5.3  公里 ,2級,3.4,8.0
,2023-07-21,14:14,北緯 23.77 ° 東經 121.55 °, 23.77 , 121.55 ,花蓮縣政府南南西方  25.2  公里 ,3級,3.6,9.0
,2023-07-18,22:09,北緯 23.31 ° 東經 121.44 °, 23.31 , 121.44 ,臺東縣政府北北東方  68.0  公里 ,3級,3.4,28.5
054   ,2023-07-18,16:29,北緯 23.88 ° 東經 121.45 °, 23.88 , 121.45 ,花蓮縣政府西南西方  20.8  公里 ,4級,4.2,21.1
053   ,2023-07-15,15:50,北緯 23.46 ° 東經 121.32 °, 23.46 , 121.32 ,花蓮縣政府南南西方  66.2  公里 ,4級,4.1,14.2
,2023-07-14,10:39,北緯 24.78 ° 東經 121.97 °, 24.78 , 121.97 ,宜蘭縣政府東北東方  21.2  公里 ,1級,4.2,92.2
052   ,2023-07-14,10:09,北緯 23.49 ° 東經 121.31 °, 23.49 , 121.31 ,花蓮縣政府南南西方  63.8  公里 ,4級,4.5,13.4
,2023-07-13,18:34,北緯 23.79 ° 東經 121.59 °, 23.79 , 121.59 ,花蓮縣政府南方  22.8  公里 ,1級,3.8,27.9
,2023-07-13,18:03,北緯 23.9 ° 東經 121.45 °, 23.9 , 121.45 ,花蓮縣政府西南西方  19.6  公里 ,2級,3.4,20.3
,2023-07-13,14:37,北緯 23.45 ° 東經 120.7 °, 23.45 , 120.7 ,嘉義縣政府東方  41.6  公里 ,2級,3.4,3.9
,2023-07-11,19:42,北緯 24.06 ° 東經 121.52 °, 24.06 , 121.52 ,花蓮縣政府西北西方  12.8  公里 ,3級,3.8,19.3
,2023-07-10,16:48,北緯 23.27 ° 東經 121.24 °, 23.27 , 121.24 ,花蓮縣政府南南西方  88.9  公里 ,3級,3.7,16.7
051   ,2023-07-10,06:11,北緯 24.05 ° 東經 121.51 °, 24.05 , 121.51 ,花蓮縣政府西北西方  12.8  公里 ,4級,5.3,20.1
,2023-07-10,02:06,北緯 23.91 ° 東經 121.48 °, 23.91 , 121.48 ,花蓮縣政府西南西方  16.7  公里 ,2級,3.3,16.7
050   ,2023-07-09,16:16,北緯 21.87 ° 東經 121.7 °, 21.87 , 121.7 ,臺東縣政府南南東方  113.3  公里 ,4級,4.5,23.9
,2023-07-09,15:52,北緯 21.89 ° 東經 121.62 °, 21.89 , 121.62 ,臺東縣政府南南東方  107.1  公里 ,3級,4.3,20.5
,2023-07-09,13:27,北緯 21.9 ° 東經 121.43 °, 21.9 , 121.43 ,臺東縣政府南南東方  99.3  公里 ,3級,4.3,10.5
,2023-07-09,13:27,北緯 21.9 ° 東經 121.52 °, 21.9 , 121.52 ,臺東縣政府南南東方  101.9  公里 ,3級,3.9,17.9
049   ,2023-07-09,11:31,北緯 21.87 ° 東經 121.63 °, 21.87 , 121.63 ,臺東縣政府南南東方  109.6  公里 ,4級,4.6,21.0
048   ,2023-07-09,09:53,北緯 21.88 ° 東經 121.63 °, 21.88 , 121.63 ,臺東縣政府南南東方  108.8  公里 ,4級,4.5,20.3
047   ,2023-07-09,05:22,北緯 21.87 ° 東經 121.62 °, 21.87 , 121.62 ,臺東縣政府南南東方  108.7  公里 ,4級,5.3,27.0
,2023-07-09,04:26,北緯 21.87 ° 東經 121.61 °, 21.87 , 121.61 ,臺東縣政府南南東方  108.9  公里 ,3級,4.4,20.2
,2023-07-09,03:49,北緯 21.89 ° 東經 121.53 °, 21.89 , 121.53 ,臺東縣政府南南東方  103.2  公里 ,3級,4.5,14.0
046   ,2023-07-09,03:49,北緯 21.92 ° 東經 121.54 °, 21.92 , 121.54 ,臺東縣政府南南東方  101.1  公里 ,4級,4.7,16.9
045   ,2023-07-09,03:47,北緯 21.91 ° 東經 121.6 °, 21.91 , 121.6 ,臺東縣政府南南東方  104.4  公里 ,4級,5.4,23.1
,2023-07-08,16:09,北緯 23.63 ° 東經 121.3 °, 23.63 , 121.3 ,花蓮縣政府西南方  51.5  公里 ,3級,3.9,4.3
,2023-07-07,21:51,北緯 23.52 ° 東經 120.37 °, 23.52 , 120.37 ,嘉義縣政府東北方  10.2  公里 ,2級,3.3,6.3
,2023-07-07,02:21,北緯 23.42 ° 東經 121.44 °, 23.42 , 121.44 ,臺東縣政府北北東方  79.4  公里 ,2級,4.4,37.0
044   ,2023-07-07,02:03,北緯 23.13 ° 東經 121.18 °, 23.13 , 121.18 ,臺東縣政府北方  42.1  公里 ,4級,4.9,11.0
,2023-07-06,05:30,北緯 22.67 ° 東經 120.61 °, 22.67 , 120.61 ,屏東縣政府東方  12.4  公里 ,2級,3.6,19.6
,2023-07-06,01:08,北緯 24 ° 東經 121.55 °, 24 , 121.55 ,花蓮縣政府西方  6.9  公里 ,4級,4.1,13.0
,2023-07-04,15:36,北緯 23.13 ° 東經 121.18 °, 23.13 , 121.18 ,臺東縣政府北方  41.9  公里 ,2級,3.9,16.5
,2023-07-04,14:02,北緯 24.32 ° 東經 121.78 °, 24.32 , 121.78 ,宜蘭縣政府南方  46.0  公里 ,4級,3.2,4.3
,2023-08-31,12:50,北緯 23.53 ° 東經 120.39 °, 23.53 , 120.39 ,嘉義縣政府東北方  12.7  公里 ,2級,3.7,9.3
,2023-08-31,12:49,北緯 23.53 ° 東經 120.39 °, 23.53 , 120.39 ,嘉義縣政府東北方  12.0  公里 ,2級,3.8,9.9
063   ,2023-08-31,12:49,北緯 23.53 ° 東經 120.39 °, 23.53 , 120.39 ,嘉義縣政府東北方  12.4  公里 ,4級,4.5,8.9
062   ,2023-08-27,19:04,北緯 22.89 ° 東經 121.08 °, 22.89 , 121.08 ,臺東縣政府北北西方  17.1  公里 ,3級,4.2,9.6
,2023-08-27,13:10,北緯 24.42 ° 東經 121.47 °, 24.42 , 121.47 ,宜蘭縣政府西南方  45.3  公里 ,3級,3.3,7.4
,2023-08-26,15:59,北緯 23.53 ° 東經 120.39 °, 23.53 , 120.39 ,嘉義縣政府東北方  12.4  公里 ,3級,3.8,9.7
,2023-08-25,07:34,北緯 24.42 ° 東經 121.47 °, 24.42 , 121.47 ,宜蘭縣政府西南方  45.7  公里 ,4級,3.9,7.2
,2023-08-24,13:39,北緯 24.73 ° 東經 122.01 °, 24.73 , 122.01 ,宜蘭縣政府東方  24.5  公里 ,2級,4.6,73.0
,2023-08-22,11:32,北緯 23.33 ° 東經 121.89 °, 23.33 , 121.89 ,花蓮縣政府南南東方  78.3  公里 ,1級,4.0,33.4
,2023-08-21,14:58,北緯 23.82 ° 東經 121.58 °, 23.82 , 121.58 ,花蓮縣政府南南西方  19.2  公里 ,2級,3.9,21.9
,2023-08-21,12:39,北緯 23.81 ° 東經 121.59 °, 23.81 , 121.59 ,花蓮縣政府南方  20.2  公里 ,2級,4.0,22.7
,2023-08-21,12:31,北緯 23.81 ° 東經 121.58 °, 23.81 , 121.58 ,花蓮縣政府南南西方  20.2  公里 ,1級,3.7,22.1
,2023-08-20,15:10,北緯 23.52 ° 東經 121.56 °, 23.52 , 121.56 ,花蓮縣政府南方  53.0  公里 ,2級,4.3,33.7
,2023-08-17,11:52,北緯 22.82 ° 東經 121.3 °, 22.82 , 121.3 ,臺東縣政府東北東方  16.5  公里 ,2級,3.4,12.0
061   ,2023-08-16,22:58,北緯 23.53 ° 東經 120.39 °, 23.53 , 120.39 ,嘉義縣政府東北方  12.6  公里 ,4級,4.0,9.5
060   ,2023-08-16,01:09,北緯 24.17 ° 東經 121.67 °, 24.17 , 121.67 ,花蓮縣政府北北東方  20.2  公里 ,3級,4.8,27.7
,2023-08-15,15:59,北緯 23.42 ° 東經 122.06 °, 23.42 , 122.06 ,花蓮縣政府東南方  77.7  公里 ,2級,4.3,38.1
,2023-08-14,02:41,北緯 24.4 ° 東經 122.37 °, 24.4 , 122.37 ,宜蘭縣政府東南東方  72.1  公里 ,1級,4.6,53.8
059   ,2023-08-13,20:06,北緯 21.76 ° 東經 121.03 °, 21.76 , 121.03 ,臺東縣政府南方  110.9  公里 ,3級,4.8,21.0
,2023-08-13,19:47,北緯 24.56 ° 東經 122.62 °, 24.56 , 122.62 ,宜蘭縣政府東方  88.4  公里 ,1級,4.5,97.0
,2023-08-13,09:43,北緯 20.55 ° 東經 121.47 °, 20.55 , 121.47 ,臺東縣政府南方  246.2  公里 ,2級,6.0,84.0
,2023-08-13,02:27,北緯 23.36 ° 東經 121.86 °, 23.36 , 121.86 ,花蓮縣政府南南東方  73.8  公里 ,2級,4.2,28.3
,2023-08-11,18:24,北緯 23.3 ° 東經 120.94 °, 23.3 , 120.94 ,高雄市政府東北方  99.4  公里 ,2級,4.3,3.9
,2023-08-11,17:52,北緯 23.79 ° 東經 121.57 °, 23.79 , 121.57 ,花蓮縣政府南南西方  22.3  公里 ,3級,3.2,7.5
058   ,2023-08-10,10:02,北緯 24.79 ° 東經 121.95 °, 24.79 , 121.95 ,宜蘭縣政府東北東方  20.1  公里 ,2級,5.0,91.2
,2023-08-08,18:38,北緯 23.27 ° 東經 121.58 °, 23.27 , 121.58 ,臺東縣政府東北方  71.6  公里 ,2級,4.6,40.0
,2023-08-08,14:26,北緯 23.29 ° 東經 121.42 °, 23.29 , 121.42 ,臺東縣政府北北東方  65.7  公里 ,3級,3.8,25.4
,2023-08-08,14:26,北緯 23.3 ° 東經 121.43 °, 23.3 , 121.43 ,臺東縣政府北北東方  66.6  公里 ,2級,4.0,27.2
,2023-08-06,13:12,北緯 24.59 ° 東經 121.8 °, 24.59 , 121.8 ,宜蘭縣政府南南東方  16.2  公里 ,2級,4.6,64.8
057   ,2023-08-04,20:52,北緯 21.8 ° 東經 121.57 °, 21.8 , 121.57 ,臺東縣政府南南東方  113.8  公里 ,4級,4.4,10.0
,2023-08-04,20:51,北緯 21.83 ° 東經 121.67 °, 21.83 , 121.67 ,臺東縣政府南南東方  116.1  公里 ,3級,3.9,24.4
,2023-08-04,20:28,北緯 21.83 ° 東經 121.69 °, 21.83 , 121.69 ,臺東縣政府南南東方  116.1  公里 ,3級,4.2,25.1
056   ,2023-08-04,20:25,北緯 21.84 ° 東經 121.64 °, 21.84 , 121.64 ,臺東縣政府南南東方  113.5  公里 ,4級,5.0,21.4
055   ,2023-08-04,20:22,北緯 21.84 ° 東經 121.64 °, 21.84 , 121.64 ,臺東縣政府南南東方  113.3  公里 ,4級,5.0,20.3
,2023-08-02,13:11,北緯 23.1 ° 東經 121.49 °, 23.1 , 121.49 ,臺東縣政府東北方  52.1  公里 ,3級,3.8,19.9
,2023-08-01,00:38,北緯 23.92 ° 東經 121.63 °, 23.92 , 121.63 ,花蓮縣政府南方  7.6  公里 ,2級,4.4,48.3
,2023-09-30,21:04,北緯 23.91 ° 東經 121.45 °, 23.91 , 121.45 ,花蓮縣政府西南西方  19.4  公里 ,3級,3.9,21.0
,2023-09-30,16:04,北緯 24.57 ° 東經 121.89 °, 24.57 , 121.89 ,宜蘭縣政府東南方  22.2  公里 ,2級,4.4,60.2
,2023-09-28,04:13,北緯 23.11 ° 東經 121.29 °, 23.11 , 121.29 ,花蓮縣政府南南西方  102.9  公里 ,2級,3.7,17.1
,2023-09-27,14:11,北緯 23.05 ° 東經 120.72 °, 23.05 , 120.72 ,高雄市政府東北方  63.3  公里 ,2級,3.7,5.7
,2023-09-27,01:52,北緯 23.26 ° 東經 121.24 °, 23.26 , 121.24 ,花蓮縣政府南南西方  89.3  公里 ,2級,3.8,17.0
,2023-09-26,20:30,北緯 23.1 ° 東經 121.36 °, 23.1 , 121.36 ,臺東縣政府北北東方  43.6  公里 ,3級,4.1,20.9
,2023-09-26,07:04,北緯 24.49 ° 東經 122.76 °, 24.49 , 122.76 ,宜蘭縣政府東南東方  104.0  公里 ,2級,4.9,96.4
,2023-09-26,01:36,北緯 23.26 ° 東經 121.25 °, 23.26 , 121.25 ,花蓮縣政府南南西方  89.5  公里 ,3級,4.1,17.2
,2023-09-25,04:35,北緯 22.91 ° 東經 121.08 °, 22.91 , 121.08 ,臺東縣政府北北西方  18.4  公里 ,2級,3.7,8.3
,2023-09-22,02:32,北緯 22.9 ° 東經 120.59 °, 22.9 , 120.59 ,高雄市政府東北方  42.6  公里 ,2級,3.5,15.6
,2023-09-20,22:45,北緯 23.22 ° 東經 121.41 °, 23.22 , 121.41 ,臺東縣政府北北東方  57.9  公里 ,2級,4.3,35.3
,2023-09-20,19:09,北緯 24.24 ° 東經 121.77 °, 24.24 , 121.77 ,花蓮縣政府北北東方  31.6  公里 ,3級,4.1,10.6
,2023-09-20,13:25,北緯 23.64 ° 東經 121.3 °, 23.64 , 121.3 ,花蓮縣政府西南方  51.0  公里 ,3級,3.9,7.5
,2023-09-20,02:19,北緯 23.79 ° 東經 121.41 °, 23.79 , 121.41 ,花蓮縣政府西南方  30.6  公里 ,3級,3.5,26.2
,2023-09-19,07:47,北緯 23.24 ° 東經 120.45 °, 23.24 , 120.45 ,臺南市政府東北方  38.4  公里 ,2級,3.7,9.6
,2023-09-18,21:21,北緯 25.99 ° 東經 125.58 °, 25.99 , 125.58 ,基隆市政府東北東方  397.0  公里,2級,6.8,251.8
,2023-09-17,04:41,北緯 22.24 ° 東經 120.84 °, 22.24 , 120.84 ,屏東縣政府東南方  61.6  公里 ,3級,3.9,14.5
069   ,2023-09-15,18:34,北緯 24.38 ° 東經 121.83 °, 24.38 , 121.83 ,宜蘭縣政府南方  39.1  公里 ,4級,5.3,43.1
068   ,2023-09-15,18:34,北緯 24.04 ° 東經 121.67 °, 24.04 , 121.67 ,花蓮縣政府東北方  8.1  公里 ,3級,4.4,23.9
,2023-09-15,03:41,北緯 23.9 ° 東經 121.45 °, 23.9 , 121.45 ,花蓮縣政府西南西方  20.3  公里 ,3級,3.5,20.1
,2023-09-14,23:53,北緯 23.34 ° 東經 120.2 °, 23.34 , 120.2 ,嘉義縣政府西南方  16.2  公里 ,2級,3.4,10.0
,2023-09-13,11:58,北緯 21.85 ° 東經 121 °, 21.85 , 121 ,臺東縣政府南方  101.6  公里 ,2級,3.9,25.4
067   ,2023-09-12,19:03,北緯 19.3 ° 東經 121.08 °, 19.3 , 121.08 ,高雄市政府南南東方  376.3  公里,2級,6.8,59.9
,2023-09-11,07:09,北緯 22.17 ° 東經 121.4 °, 22.17 , 121.4 ,臺東縣政府南南東方  70.0  公里 ,2級,3.8,25.3
,2023-09-07,03:02,北緯 24.23 ° 東經 121.78 °, 24.23 , 121.78 ,花蓮縣政府北北東方  30.8  公里 ,1級,3.6,11.2
066   ,2023-09-06,13:21,北緯 22.9 ° 東經 120.68 °, 22.9 , 120.68 ,高雄市政府東北方  48.6  公里 ,4級,4.4,5.8
,2023-09-06,02:07,北緯 23.12 ° 東經 120.63 °, 23.12 , 120.63 ,高雄市政府北北東方  64.3  公里 ,2級,3.7,15.2
,2023-09-05,17:45,北緯 23.53 ° 東經 120.39 °, 23.53 , 120.39 ,嘉義縣政府東北方  12.1  公里 ,2級,3.1,10.9
065   ,2023-09-05,17:30,北緯 23.53 ° 東經 120.39 °, 23.53 , 120.39 ,嘉義縣政府東北方  12.0  公里 ,5弱,5.5,9.9
064   ,2023-09-05,11:13,北緯 22.25 ° 東經 120.81 °, 22.25 , 120.81 ,屏東縣政府東南方  58.4  公里 ,4級,4.7,9.0
,2023-09-04,22:42,北緯 23.37 ° 東經 120.22 °, 23.37 , 120.22 ,嘉義縣政府西南方  12.2  公里 ,3級,3.3,7.3
,2023-09-04,22:10,北緯 23.09 ° 東經 121.17 °, 23.09 , 121.17 ,臺東縣政府北方  37.3  公里 ,2級,3.5,10.5
,2023-09-04,15:50,北緯 24.8 ° 東經 122.44 °, 24.8 , 122.44 ,宜蘭縣政府東方  68.8  公里 ,1級,4.3,17.3
,2023-09-02,11:06,北緯 23.16 ° 東經 121.34 °, 23.16 , 121.34 ,臺東縣政府北北東方  49.4  公里 ,2級,3.5,14.7
,2023-09-02,02:13,北緯 23.53 ° 東經 120.38 °, 23.53 , 120.38 ,嘉義縣政府東北方  12.1  公里 ,2級,3.4,9.5
,2023-09-01,11:35,北緯 23.93 ° 東經 121.46 °, 23.93 , 121.46 ,花蓮縣政府西南西方  17.9  公里 ,2級,3.4,20.9
,2023-09-01,11:18,北緯 23.53 ° 東經 120.39 °, 23.53 , 120.39 ,嘉義縣政府東北方  12.2  公里 ,3級,3.2,9.7
,2023-09-01,10:49,北緯 24.27 ° 東經 120.77 °, 24.27 , 120.77 ,臺中市政府東北方  17.7  公里 ,2級,3.6,29.1
,2023-09-01,02:58,北緯 24.95 ° 東經 122.21 °, 24.95 , 122.21 ,基隆市政府東南東方  51.1  公里 ,2級,4.4,14.3
,2023-10-31,23:47,北緯 23.93 ° 東經 121.53 °, 23.93 , 121.53 ,花蓮縣政府西南方  11.6  公里 ,2級,3.6,31.9
078   ,2023-10-31,20:33,北緯 23.24 ° 東經 121.6 °, 23.24 , 121.6 ,臺東縣政府東北方  71.2  公里 ,3級,4.7,44.6
,2023-10-31,04:32,北緯 24.47 ° 東經 121.73 °, 24.47 , 121.73 ,宜蘭縣政府南方  29.0  公里 ,2級,3.2,8.2
077   ,2023-10-30,02:12,北緯 23.77 ° 東經 121.52 °, 23.77 , 121.52 ,花蓮縣政府南南西方  26.1  公里 ,3級,4.2,7.3
,2023-10-29,23:35,北緯 23.77 ° 東經 121.52 °, 23.77 , 121.52 ,花蓮縣政府南南西方  26.7  公里 ,2級,3.2,8.7
,2023-10-29,17:36,北緯 23.44 ° 東經 121.46 °, 23.44 , 121.46 ,花蓮縣政府南南西方  63.4  公里 ,2級,4.3,30.0
,2023-10-28,16:33,北緯 24.46 ° 東經 121.84 °, 24.46 , 121.84 ,宜蘭縣政府南南東方  30.7  公里 ,3級,3.8,20.9
,2023-10-28,14:02,北緯 23.1 ° 東經 121.36 °, 23.1 , 121.36 ,臺東縣政府北北東方  43.5  公里 ,2級,3.9,20.2
,2023-10-28,12:34,北緯 23.95 ° 東經 121.49 °, 23.95 , 121.49 ,花蓮縣政府西南西方  14.0  公里 ,2級,3.3,17.9
,2023-10-28,10:16,北緯 22.52 ° 東經 121.37 °, 22.52 , 121.37 ,臺東縣政府東南方  34.5  公里 ,3級,4.7,29.7
,2023-10-27,17:36,北緯 22.97 ° 東經 121.28 °, 22.97 , 121.28 ,臺東縣政府北北東方  26.9  公里 ,1級,3.7,29.1
,2023-10-27,08:12,北緯 24.62 ° 東經 121.09 °, 24.62 , 121.09 ,新竹縣政府南南東方  24.4  公里 ,3級,3.8,4.3
,2023-10-27,01:36,北緯 23.54 ° 東經 121.55 °, 23.54 , 121.55 ,花蓮縣政府南方  50.1  公里 ,1級,3.9,49.0
,2023-10-26,14:28,北緯 22.12 ° 東經 121.36 °, 22.12 , 121.36 ,臺東縣政府南南東方  73.8  公里 ,3級,4.3,25.2
,2023-10-25,08:12,北緯 24.62 ° 東經 121.09 °, 24.62 , 121.09 ,新竹縣政府南南東方  24.6  公里 ,4級,3.7,3.5
,2023-10-24,10:54,北緯 24 ° 東經 122.63 °, 24 , 122.63 ,花蓮縣政府東方  102.8  公里 ,1級,5.3,30.7
076   ,2023-10-24,07:05,北緯 24 ° 東經 122.62 °, 24 , 122.62 ,花蓮縣政府東方  102.2  公里 ,3級,6.2,31.5
075   ,2023-10-23,21:19,北緯 23 ° 東經 121.32 °, 23 , 121.32 ,臺東縣政府東北方  32.2  公里 ,4級,4.9,21.3
074   ,2023-10-22,14:52,北緯 24.75 ° 東經 121.93 °, 24.75 , 121.93 ,宜蘭縣政府東方  17.3  公里 ,3級,4.5,79.1
,2023-10-20,15:00,北緯 23.19 ° 東經 120.77 °, 23.19 , 120.77 ,高雄市政府東北方  78.6  公里 ,4級,4.0,5.5
,2023-10-20,00:49,北緯 23.73 ° 東經 121.39 °, 23.73 , 121.39 ,花蓮縣政府西南方  37.2  公里 ,2級,3.7,26.4
073   ,2023-10-19,00:00,北緯 23.27 ° 東經 121.25 °, 23.27 , 121.25 ,花蓮縣政府南南西方  88.5  公里 ,3級,4.1,17.5
,2023-10-17,13:00,北緯 21.78 ° 東經 121.06 °, 21.78 , 121.06 ,臺東縣政府南方  108.7  公里 ,2級,4.1,17.9
,2023-10-17,07:44,北緯 23.93 ° 東經 121.47 °, 23.93 , 121.47 ,花蓮縣政府西南西方  16.9  公里 ,4級,4.0,18.3
,2023-10-16,20:56,北緯 24.61 ° 東經 121.63 °, 24.61 , 121.63 ,宜蘭縣政府西南方  19.5  公里 ,2級,4.0,52.2
,2023-10-16,08:55,北緯 23.32 ° 東經 120.41 °, 23.32 , 120.41 ,臺南市政府東北方  42.4  公里 ,3級,3.7,10.0
,2023-10-15,21:32,北緯 23.67 ° 東經 121.37 °, 23.67 , 121.37 ,花蓮縣政府西南方  44.3  公里 ,4級,3.7,13.7
,2023-10-14,22:04,北緯 23.99 ° 東經 122.29 °, 23.99 , 122.29 ,花蓮縣政府東方  68.1  公里 ,2級,4.9,23.5
,2023-10-14,16:05,北緯 24 ° 東經 122.31 °, 24 , 122.31 ,花蓮縣政府東方  70.4  公里 ,2級,4.7,24.1
,2023-10-14,15:56,北緯 24.03 ° 東經 122.27 °, 24.03 , 122.27 ,花蓮縣政府東方  66.2  公里 ,1級,4.7,21.8
072   ,2023-10-14,15:53,北緯 24 ° 東經 122.3 °, 24 , 122.3 ,花蓮縣政府東方  69.3  公里 ,2級,5.3,23.2
071   ,2023-10-12,20:16,北緯 22.92 ° 東經 120.56 °, 22.92 , 120.56 ,高雄市政府東北方  41.9  公里 ,4級,4.9,15.6
070   ,2023-10-11,18:36,北緯 23.27 ° 東經 121.24 °, 23.27 , 121.24 ,花蓮縣政府南南西方  88.2  公里 ,5弱,5.8,14.5
,2023-10-10,04:18,北緯 23.97 ° 東經 121.03 °, 23.97 , 121.03 ,南投縣政府東北東方  35.2  公里 ,3級,3.9,14.3
,2023-10-10,04:18,北緯 23.97 ° 東經 121.03 °, 23.97 , 121.03 ,南投縣政府東北東方  35.7  公里 ,3級,3.8,13.6
,2023-10-10,04:14,北緯 23.26 ° 東經 120.4 °, 23.26 , 120.4 ,臺南市政府東北方  37.4  公里 ,2級,3.7,12.1
,2023-10-10,00:28,北緯 23.6 ° 東經 120.59 °, 23.6 , 120.59 ,雲林縣政府南南東方  13.3  公里 ,3級,3.2,10.5
,2023-10-09,18:47,北緯 23.72 ° 東經 121.4 °, 23.72 , 121.4 ,花蓮縣政府西南方  37.8  公里 ,3級,3.6,14.4
,2023-10-08,04:56,北緯 23.43 ° 東經 121.29 °, 23.43 , 121.29 ,花蓮縣政府南南西方  70.0  公里 ,2級,3.9,11.8
,2023-10-05,16:53,北緯 24.04 ° 東經 122.35 °, 24.04 , 122.35 ,花蓮縣政府東方  74.1  公里 ,2級,4.9,23.6
,2023-10-04,20:48,北緯 24.44 ° 東經 121.82 °, 24.44 , 121.82 ,宜蘭縣政府南南東方  33.1  公里 ,2級,4.2,43.1
,2023-10-04,08:45,北緯 23.28 ° 東經 121.43 °, 23.28 , 121.43 ,臺東縣政府北北東方  64.6  公里 ,3級,3.9,28.0
,2023-10-03,12:21,北緯 24.34 ° 東經 121.76 °, 24.34 , 121.76 ,宜蘭縣政府南方  42.8  公里 ,2級,3.9,19.4
,2023-10-01,02:48,北緯 23.14 ° 東經 121.37 °, 23.14 , 121.37 ,臺東縣政府北北東方  48.2  公里 ,1級,3.4,19.8
,2023-11-28,00:45,北緯 24.43 ° 東經 121.84 °, 24.43 , 121.84 ,宜蘭縣政府南南東方  34.8  公里 ,4級,3.6,12.0
,2023-11-27,22:16,北緯 23.12 ° 東經 120.23 °, 23.12 , 120.23 ,臺南市政府北北東方  14.5  公里 ,4級,3.5,8.9
,2023-11-27,02:06,北緯 24.41 ° 東經 121.79 °, 24.41 , 121.79 ,宜蘭縣政府南方  35.6  公里 ,3級,3.6,20.2
083   ,2023-11-26,12:31,北緯 24.06 ° 東經 122.43 °, 24.06 , 122.43 ,花蓮縣政府東方  82.3  公里 ,2級,5.4,25.6
,2023-11-26,12:11,北緯 24.06 ° 東經 122.42 °, 24.06 , 122.42 ,花蓮縣政府東方  81.4  公里 ,1級,4.9,25.9
,2023-11-24,16:33,北緯 23.73 ° 東經 121.41 °, 23.73 , 121.41 ,花蓮縣政府西南方  35.6  公里 ,2級,3.5,14.3
082   ,2023-11-23,12:26,北緯 23.2 ° 東經 121.54 °, 23.2 , 121.54 ,臺東縣政府東北方  63.1  公里 ,3級,4.7,44.4
,2023-11-23,03:53,北緯 24.73 ° 東經 121.05 °, 24.73 , 121.05 ,新竹縣政府南南東方  11.5  公里 ,1級,2.2,6.7
,2023-11-22,07:22,北緯 24.38 ° 東經 121.85 °, 24.38 , 121.85 ,宜蘭縣政府南南東方  40.2  公里 ,2級,3.9,46.4
,2023-11-21,23:22,北緯 22.59 ° 東經 120.96 °, 22.59 , 120.96 ,臺東縣政府西南方  27.0  公里 ,3級,3.9,10.5
,2023-11-21,18:16,北緯 24.51 ° 東經 121.88 °, 24.51 , 121.88 ,宜蘭縣政府南南東方  27.2  公里 ,2級,3.5,10.7
081   ,2023-11-21,01:16,北緯 23.82 ° 東經 120.86 °, 23.82 , 120.86 ,南投縣政府東南東方  19.3  公里 ,4級,4.6,28.9
,2023-11-20,00:40,北緯 24.22 ° 東經 121.6 °, 24.22 , 121.6 ,花蓮縣政府北方  25.1  公里 ,2級,4.1,39.5
,2023-11-19,00:58,北緯 22.28 ° 東經 119.98 °, 22.28 , 119.98 ,高雄市政府西南方  51.1  公里 ,1級,4.6,39.1
,2023-11-17,14:46,北緯 22.29 ° 東經 120 °, 22.29 , 120 ,高雄市政府西南方  48.6  公里 ,1級,4.4,38.3
,2023-11-17,14:14,北緯 22.99 ° 東經 121.45 °, 22.99 , 121.45 ,臺東縣政府東北方  40.2  公里 ,4級,4.0,20.0
080   ,2023-11-17,05:00,北緯 21.94 ° 東經 121.59 °, 21.94 , 121.59 ,臺東縣政府南南東方  100.6  公里 ,4級,4.1,16.4
,2023-11-14,02:39,北緯 24.42 ° 東經 121.86 °, 24.42 , 121.86 ,宜蘭縣政府南南東方  36.0  公里 ,2級,3.8,22.9
079   ,2023-11-11,00:54,北緯 23.46 ° 東經 121.57 °, 23.46 , 121.57 ,花蓮縣政府南方  59.2  公里 ,4級,5.5,39.1
,2023-11-10,20:05,北緯 23.07 ° 東經 121.34 °, 23.07 , 121.34 ,臺東縣政府北北東方  39.5  公里 ,2級,4.2,36.9
,2023-11-08,05:34,北緯 24.29 ° 東經 121.85 °, 24.29 , 121.85 ,花蓮縣政府東北方  40.3  公里 ,2級,4.1,15.5
,2023-11-07,17:58,北緯 23.53 ° 東經 120.4 °, 23.53 , 120.4 ,嘉義縣政府東北方  13.1  公里 ,2級,3.2,8.9
,2023-11-07,16:20,北緯 24.53 ° 東經 121.82 °, 24.53 , 121.82 ,宜蘭縣政府南南東方  23.4  公里 ,4級,3.7,8.4
,2023-11-07,02:52,北緯 23.64 ° 東經 121.53 °, 23.64 , 121.53 ,花蓮縣政府南南西方  39.9  公里 ,1級,3.9,26.7
,2023-11-06,08:32,北緯 24.62 ° 東經 122 °, 24.62 , 122 ,宜蘭縣政府東南東方  26.3  公里 ,2級,4.2,64.7
,2023-11-05,07:10,北緯 23.53 ° 東經 120.39 °, 23.53 , 120.39 ,嘉義縣政府東北方  12.8  公里 ,3級,3.1,9.2
,2023-11-05,06:04,北緯 24.09 ° 東經 121.51 °, 24.09 , 121.51 ,花蓮縣政府西北方  15.2  公里 ,2級,3.6,23.7
,2023-11-04,16:27,北緯 24.19 ° 東經 120.97 °, 24.19 , 120.97 ,臺中市政府東方  29.7  公里 ,1級,3.6,35.1
,2023-11-03,05:00,北緯 24.41 ° 東經 121.95 °, 24.41 , 121.95 ,宜蘭縣政府南南東方  39.9  公里 ,1級,4.1,29.6
085   ,2023-12-31,05:57,北緯 24.6 ° 東經 121.84 °, 24.6 , 121.84 ,宜蘭縣政府南南東方  16.3  公里 ,3級,4.6,49.3
,2023-12-26,08:21,北緯 23.04 ° 東經 121.49 °, 23.04 , 121.49 ,臺東縣政府東北方  46.7  公里 ,2級,3.7,26.6
,2023-12-26,06:19,北緯 24.38 ° 東經 121.76 °, 24.38 , 121.76 ,宜蘭縣政府南方  38.8  公里 ,4級,3.0,6.3
,2023-12-25,19:04,北緯 23.14 ° 東經 121.18 °, 23.14 , 121.18 ,臺東縣政府北方  42.8  公里 ,3級,3.4,14.5
,2023-12-25,11:49,北緯 24.43 ° 東經 121.92 °, 24.43 , 121.92 ,宜蘭縣政府南南東方  37.1  公里 ,1級,3.8,29.9
,2023-12-24,17:19,北緯 22.64 ° 東經 121.32 °, 22.64 , 121.32 ,臺東縣政府東南方  22.0  公里 ,2級,4.4,21.0
,2023-12-24,05:21,北緯 22.65 ° 東經 121.31 °, 22.65 , 121.31 ,臺東縣政府東南方  20.2  公里 ,3級,4.6,19.2
,2023-12-24,05:07,北緯 22.65 ° 東經 121.3 °, 22.65 , 121.3 ,臺東縣政府東南方  19.8  公里 ,2級,4.5,19.0
,2023-12-23,10:32,北緯 24.27 ° 東經 122.14 °, 24.27 , 122.14 ,花蓮縣政府東北東方  61.4  公里 ,2級,4.7,55.1
,2023-12-22,18:09,北緯 23.78 ° 東經 120.92 °, 23.78 , 120.92 ,南投縣政府東南東方  27.5  公里 ,2級,3.6,28.1
,2023-12-22,10:02,北緯 24.96 ° 東經 122.14 °, 24.96 , 122.14 ,基隆市政府東南東方  44.2  公里 ,2級,4.6,17.5
,2023-12-22,10:02,北緯 24.94 ° 東經 122.2 °, 24.94 , 122.2 ,宜蘭縣政府東北東方  50.0  公里 ,1級,4.2,16.5
,2023-12-21,19:33,北緯 24.71 ° 東經 121.03 °, 24.71 , 121.03 ,新竹縣政府南方  13.5  公里 ,1級,2.6,11.0
,2023-12-20,15:06,北緯 24.31 ° 東經 121.19 °, 24.31 , 121.19 ,臺中市政府東北東方  55.4  公里 ,3級,3.5,12.4
,2023-12-19,11:37,北緯 23.76 ° 東經 122.06 °, 23.76 , 122.06 ,花蓮縣政府東南東方  51.7  公里 ,2級,4.4,43.1
,2023-12-19,11:27,北緯 23.14 ° 東經 121.18 °, 23.14 , 121.18 ,臺東縣政府北方  42.6  公里 ,2級,3.8,14.4
,2023-12-19,09:07,北緯 23.13 ° 東經 121.18 °, 23.13 , 121.18 ,臺東縣政府北方  42.1  公里 ,2級,3.7,14.2
,2023-12-16,20:23,北緯 23.78 ° 東經 121.55 °, 23.78 , 121.55 ,花蓮縣政府南南西方  24.6  公里 ,2級,3.9,18.7
,2023-12-15,23:31,北緯 23.17 ° 東經 121.55 °, 23.17 , 121.55 ,臺東縣政府東北方  61.5  公里 ,2級,3.8,46.5
,2023-12-14,06:10,北緯 23.91 ° 東經 121.47 °, 23.91 , 121.47 ,花蓮縣政府西南西方  17.9  公里 ,3級,3.6,18.1
,2023-12-13,07:27,北緯 23.77 ° 東經 121.51 °, 23.77 , 121.51 ,花蓮縣政府南南西方  27.2  公里 ,3級,3.9,7.7
,2023-12-13,03:01,北緯 23.76 ° 東經 121.51 °, 23.76 , 121.51 ,花蓮縣政府南南西方  27.8  公里 ,3級,4.0,8.5
,2023-12-13,01:34,北緯 24.73 ° 東經 121.79 °, 24.73 , 121.79 ,宜蘭縣政府東方  2.9  公里 ,2級,3.3,9.5
,2023-12-10,20:46,北緯 23.31 ° 東經 121.02 °, 23.31 , 121.02 ,高雄市政府東北方  105.5  公里 ,2級,3.3,3.6
,2023-12-09,14:19,北緯 24.5 ° 東經 122.68 °, 24.5 , 122.68 ,宜蘭縣政府東南東方  96.7  公里 ,2級,5.3,96.6
,2023-12-08,07:56,北緯 23.93 ° 東經 121.47 °, 23.93 , 121.47 ,花蓮縣政府西南西方  17.0  公里 ,2級,3.2,17.6
,2023-12-07,21:21,北緯 23.47 ° 東經 121.31 °, 23.47 , 121.31 ,花蓮縣政府南南西方  66.3  公里 ,3級,4.1,12.5
,2023-12-06,06:20,北緯 23.22 ° 東經 121.36 °, 23.22 , 121.36 ,臺東縣政府北北東方  55.5  公里 ,1級,3.4,17.0
,2023-12-04,11:08,北緯 25.17 ° 東經 121.56 °, 25.17 , 121.56 ,臺北市政府北方  14.6  公里 ,1級,2.3,3.3
084   ,2023-12-02,06:27,北緯 23.42 ° 東經 121.44 °, 23.42 , 121.44 ,臺東縣政府北北東方  79.2  公里 ,4級,4.9,23.8
,2023-12-01,23:19,北緯 23.99 ° 東經 121.03 °, 23.99 , 121.03 ,南投縣政府東北東方  36.3  公里 ,2級,3.8,14.3
,2023-12-01,23:11,北緯 24 ° 東經 121 °, 24 , 121 ,南投縣政府東北東方  33.5  公里 ,3級,4.2,16.4
